alg	tssize	tcsize	sig_time	prio_time	tot_time
ART-D	1000	1000	0	106.71066	106.71066
ART-D	2000	1000	0	517.17092	517.17092
ART-D	3000	1000	0	1252.432189	1252.432189
ART-D	4000	1000	0	2364.949959	2364.949959
ART-D	5000	1000	0	3844.898935	3844.898935
ART-D	6000	1000	0	5605.589034	5605.589034
ART-D	7000	1000	0	7814.033134	7814.033134
ART-D	1000	10000	0	951.665956	951.665956
ART-D	2000	10000	0	6256.641127	6256.641127
ART-D	3000	10000	0	14925.356674	14925.356674
ART-D	1000	100000	0	16533.075577	16533.075577
ART-F	1000	1000	0	188.243474	188.243474
ART-F	2000	1000	0	758.542349	758.542349
ART-F	3000	1000	0	1696.488056	1696.488056
ART-F	4000	1000	0	2982.164505	2982.164505
ART-F	5000	1000	0	4624.928999	4624.928999
ART-F	6000	1000	0	6612.829354	6612.829354
ART-F	7000	1000	0	8230.920154	8230.920154
ART-F	1000	10000	0	1943.698844	1943.698844
ART-F	2000	10000	0	7745.423162	7745.423162
ART-F	1000	100000	0	28072.739819	28072.739819
FAST-all	1000	1000	0.655301	0.053418	0.708719
FAST-all	2000	1000	1.280511	0.116864	1.397375
FAST-all	3000	1000	1.819135	0.176271	1.995406
FAST-all	4000	1000	2.430847	0.238103	2.66895
FAST-all	5000	1000	3.04387	0.284452	3.328322
FAST-all	6000	1000	3.571519	0.354261	3.92578
FAST-all	7000	1000	4.176479	0.406691	4.58317
FAST-all	8000	1000	4.77476	0.461295	5.236055
FAST-all	9000	1000	8.226958	0.544741	8.771699
FAST-all	10000	1000	11.819171	0.562493	12.381664
FAST-all	20000	1000	22.301578	1.186815	23.488393
FAST-all	30000	1000	35.459537	1.781104	37.240641
FAST-all	40000	1000	35.969079	2.346685	38.315764
FAST-all	50000	1000	41.891371	1.579533	43.470904
FAST-all	60000	1000	47.200242	3.649104	50.849346
FAST-all	70000	1000	47.84659	4.356127	52.202717
FAST-all	80000	1000	53.685323	5.438261	59.123584
FAST-all	90000	1000	57.983598	5.855605	63.839203
FAST-all	100000	1000	60.073044	3.459909	63.532953
FAST-all	200000	1000	119.670547	7.42713	127.097677
FAST-all	300000	1000	179.204608	11.021669	190.226277
FAST-all	400000	1000	238.801952	14.777014	253.578966
FAST-all	500000	1000	299.13992	18.152129	317.292049
FAST-all	600000	1000	358.536404	20.66173	379.198134
FAST-all	700000	1000	419.804493	26.942637	446.74713
FAST-all	800000	1000	478.341648	28.896857	507.238505
FAST-all	900000	1000	1005.384331	33.548844	1038.933175
FAST-all	1000000	1000	1009.076095	37.4958	1046.571895
FAST-all	1000	10000	5.899462	0.053067	5.952529
FAST-all	2000	10000	11.534227	0.068919	11.603146
FAST-all	3000	10000	17.231885	0.091552	17.323437
FAST-all	4000	10000	22.960773	0.126292	23.087065
FAST-all	5000	10000	28.829545	0.15892	28.988465
FAST-all	6000	10000	34.623473	0.179796	34.803269
FAST-all	7000	10000	40.583757	0.204983	40.78874
FAST-all	8000	10000	46.253683	0.251196	46.504879
FAST-all	9000	10000	52.102532	0.279126	52.381658
FAST-all	10000	10000	57.612042	0.311299	57.923341
FAST-all	20000	10000	115.565402	0.58606	116.151462
FAST-all	30000	10000	175.917852	0.956356	176.874208
FAST-all	40000	10000	233.786581	1.29762	235.084201
FAST-all	50000	10000	289.935964	1.614104	291.550068
FAST-all	60000	10000	346.018246	1.97617	347.994416
FAST-all	70000	10000	402.623211	2.316145	404.939356
FAST-all	80000	10000	460.097686	2.676105	462.773791
FAST-all	90000	10000	537.202867	2.963986	540.166853
FAST-all	100000	10000	1225.886587	7.625119	1233.511706
FAST-all	200000	10000	2451.019643	12.091247	2463.11089
FAST-all	300000	10000	3473.908172	19.733121	3493.641293
FAST-all	400000	10000	3697.871924	26.902315	3724.774239
FAST-all	500000	10000	3845.962962	16.604452	3862.567414
FAST-all	600000	10000	4057.059129	21.027605	4078.086734
FAST-all	700000	10000	4810.943179	24.769531	4835.71271
FAST-all	800000	10000	4913.035679	30.675917	4943.711596
FAST-all	900000	10000	5332.573974	31.967823	5364.541797
FAST-all	1000000	10000	5786.643399	37.894198	5824.537597
FAST-all	1000	100000	109.272982	0.057493	109.330475
FAST-all	2000	100000	135.893872	0.1023	135.996172
FAST-all	3000	100000	203.414627	0.0993	203.513927
FAST-all	4000	100000	243.646358	0.120545	243.766903
FAST-all	5000	100000	308.701111	0.153012	308.854123
FAST-all	6000	100000	382.000422	0.175596	382.176018
FAST-all	7000	100000	434.986468	0.21948	435.205948
FAST-all	8000	100000	519.860355	0.277517	520.137872
FAST-all	9000	100000	594.085773	0.262201	594.347974
FAST-all	10000	100000	606.612803	0.293967	606.90677
FAST-all	20000	100000	1241.845247	0.734326	1242.579573
FAST-all	30000	100000	1856.920651	1.019248	1857.939899
FAST-all	40000	100000	2425.786075	2.122873	2427.908948
FAST-all	50000	100000	3259.592384	2.97892	3262.571304
FAST-all	60000	100000	3563.426021	3.571169	3566.99719
FAST-all	70000	100000	4225.823668	4.169535	4229.993203
FAST-all	80000	100000	5005.30444	5.141257	5010.445697
FAST-all	90000	100000	5326.302142	5.666926	5331.969068
FAST-all	100000	100000	6092.729644	6.530046	6099.25969
FAST-all	200000	100000	18205.388597	6.846856	18212.235453
FAST-all	300000	100000	20562.860854	20.004406	20582.86526
FAST-all	400000	100000	28799.241944	13.554116	28812.79606
FAST-all	500000	100000	29137.44117	17.135513	29154.576683
FAST-all	600000	100000	34623.205409	23.175159	34646.380568
FAST-all	700000	100000	40506.281794	27.289976	40533.57177
FAST-all	800000	100000	54534.664542	57.095431	54591.759973
FAST-all	900000	100000	62798.414032	54.347463	62852.761495
FAST-all	1000000	100000	83606.939703	39.344519	83646.284222
FAST-log	1000	1000	0.655301	0.084047	0.739348
FAST-log	2000	1000	1.280511	0.13557	1.416081
FAST-log	3000	1000	1.819135	0.233394	2.052529
FAST-log	4000	1000	2.430847	0.354941	2.785788
FAST-log	5000	1000	3.04387	0.470378	3.514248
FAST-log	6000	1000	3.571519	0.629199	4.200718
FAST-log	7000	1000	4.176479	0.800394	4.976873
FAST-log	8000	1000	4.77476	0.981011	5.755771
FAST-log	9000	1000	8.226958	1.249	9.475958
FAST-log	10000	1000	11.819171	1.467141	13.286312
FAST-log	20000	1000	22.301578	4.895005	27.196583
FAST-log	30000	1000	35.459537	10.434881	45.894418
FAST-log	40000	1000	35.969079	19.229181	55.19826
FAST-log	50000	1000	41.891371	30.58151	72.472881
FAST-log	60000	1000	47.200242	47.388489	94.588731
FAST-log	70000	1000	47.84659	78.688114	126.534704
FAST-log	80000	1000	53.685323	111.373795	165.059118
FAST-log	90000	1000	57.983598	135.758979	193.742577
FAST-log	100000	1000	60.073044	185.117907	245.190951
FAST-log	200000	1000	119.670547	831.786182	951.456729
FAST-log	300000	1000	179.204608	1862.316844	2041.521452
FAST-log	400000	1000	238.801952	3074.372811	3313.174763
FAST-log	500000	1000	299.13992	5241.291389	5540.431309
FAST-log	600000	1000	358.536404	6374.59505	6733.131454
FAST-log	700000	1000	419.804493	8375.946731	8795.751224
FAST-log	800000	1000	478.341648	10744.182653	11222.524301
FAST-log	900000	1000	1005.384331	13206.29912	14211.683451
FAST-log	1000000	1000	1009.076095	16115.780059	17124.856154
FAST-log	1000	10000	5.899462	0.08907	5.988532
FAST-log	2000	10000	11.534227	0.206444	11.740671
FAST-log	3000	10000	17.231885	0.377452	17.609337
FAST-log	4000	10000	22.960773	0.55784	23.518613
FAST-log	5000	10000	28.829545	0.779141	29.608686
FAST-log	6000	10000	34.623473	1.030545	35.654018
FAST-log	7000	10000	40.583757	1.316376	41.900133
FAST-log	8000	10000	46.253683	1.604329	47.858012
FAST-log	9000	10000	52.102532	2.090366	54.192898
FAST-log	10000	10000	57.612042	2.469431	60.081473
FAST-log	20000	10000	115.565402	7.911554	123.476956
FAST-log	30000	10000	175.917852	13.476657	189.394509
FAST-log	40000	10000	233.786581	24.106894	257.893475
FAST-log	50000	10000	289.935964	40.273206	330.20917
FAST-log	60000	10000	346.018246	57.963106	403.981352
FAST-log	70000	10000	402.623211	78.101492	480.724703
FAST-log	80000	10000	460.097686	112.814215	572.911901
FAST-log	90000	10000	537.202867	136.556331	673.759198
FAST-log	100000	10000	1225.886587	190.044059	1415.930646
FAST-log	200000	10000	2451.019643	814.398221	3265.417864
FAST-log	300000	10000	3473.908172	1895.812553	5369.720725
FAST-log	400000	10000	3697.871924	2896.011527	6593.883451
FAST-log	500000	10000	3845.962962	5094.06836	8940.031322
FAST-log	600000	10000	4057.059129	6487.17777	10544.236899
FAST-log	700000	10000	4810.943179	8404.563123	13215.506302
FAST-log	800000	10000	4913.035679	10861.447167	15774.482846
FAST-log	900000	10000	5332.573974	13232.031819	18564.605793
FAST-log	1000000	10000	5786.643399	16384.04007	22170.683469
FAST-log	1000	100000	109.272982	0.109102	109.382084
FAST-log	2000	100000	135.893872	0.24937	136.143242
FAST-log	3000	100000	203.414627	0.376549	203.791176
FAST-log	4000	100000	243.646358	0.566056	244.212414
FAST-log	5000	100000	308.701111	0.714191	309.415302
FAST-log	6000	100000	382.000422	1.011305	383.011727
FAST-log	7000	100000	434.986468	1.025419	436.011887
FAST-log	8000	100000	519.860355	1.563082	521.423437
FAST-log	9000	100000	594.085773	1.638391	595.724164
FAST-log	10000	100000	606.612803	1.528788	608.141591
FAST-log	20000	100000	1241.845247	5.496691	1247.341938
FAST-log	30000	100000	1856.920651	14.405833	1871.326484
FAST-log	40000	100000	2425.786075	25.294537	2451.080612
FAST-log	50000	100000	3259.592384	37.980681	3297.573065
FAST-log	60000	100000	3563.426021	61.720975	3625.146996
FAST-log	70000	100000	4225.823668	81.278998	4307.102666
FAST-log	80000	100000	5005.30444	107.678668	5112.983108
FAST-log	90000	100000	5326.302142	139.364079	5465.666221
FAST-log	100000	100000	6092.729644	185.577693	6278.307337
FAST-log	200000	100000	18205.388597	808.120111	19013.508708
FAST-log	300000	100000	20562.860854	1946.30056	22509.161414
FAST-log	400000	100000	28799.241944	3218.526194	32017.768138
FAST-log	500000	100000	29137.44117	5365.759972	34503.201142
FAST-log	600000	100000	34623.205409	6381.085743	41004.291152
FAST-log	700000	100000	40506.281794	8355.175798	48861.457592
FAST-log	800000	100000	54534.664542	10907.104093	65441.768635
FAST-log	900000	100000	62798.414032	13306.9437	76105.357732
FAST-log	1000000	100000	83606.939703	16197.384768	99804.324471
FAST-one	1000	1000	0.655301	0.178413	0.833714
FAST-one	2000	1000	1.280511	0.475173	1.755684
FAST-one	3000	1000	1.819135	0.995998	2.815133
FAST-one	4000	1000	2.430847	1.713859	4.144706
FAST-one	5000	1000	3.04387	2.612756	5.656626
FAST-one	6000	1000	3.571519	3.643703	7.215222
FAST-one	7000	1000	4.176479	4.923993	9.100472
FAST-one	8000	1000	4.77476	6.344902	11.119662
FAST-one	9000	1000	8.226958	8.338144	16.565102
FAST-one	10000	1000	11.819171	10.169453	21.988624
FAST-one	20000	1000	22.301578	40.352513	62.654091
FAST-one	30000	1000	35.459537	93.516886	128.976423
FAST-one	40000	1000	35.969079	183.29164	219.260719
FAST-one	50000	1000	41.891371	287.894288	329.785659
FAST-one	60000	1000	47.200242	442.44298	489.643222
FAST-one	70000	1000	47.84659	627.785101	675.631691
FAST-one	80000	1000	53.685323	728.307927	781.99325
FAST-one	90000	1000	57.983598	868.458896	926.442494
FAST-one	100000	1000	60.073044	1107.517804	1167.590848
FAST-one	200000	1000	119.670547	4917.749225	5037.419772
FAST-one	300000	1000	179.204608	12726.464989	12905.669597
FAST-one	400000	1000	238.801952	24488.34172	24727.143672
FAST-one	500000	1000	299.13992	38937.565625	39236.705545
FAST-one	600000	1000	358.536404	54206.856233	54565.392637
FAST-one	700000	1000	419.804493	104770.730562	105190.535055
FAST-one	800000	1000	478.341648	138357.089875	138835.431523
FAST-one	900000	1000	1005.384331	180025.766079	181031.15041
FAST-one	1000000	1000	1009.076095	304062.108425	305071.18452
FAST-one	1000	10000	5.899462	0.185717	6.085179
FAST-one	2000	10000	11.534227	0.454014	11.988241
FAST-one	3000	10000	17.231885	0.958397	18.190282
FAST-one	4000	10000	22.960773	1.652563	24.613336
FAST-one	5000	10000	28.829545	2.502931	31.332476
FAST-one	6000	10000	34.623473	3.537649	38.161122
FAST-one	7000	10000	40.583757	4.75274	45.336497
FAST-one	8000	10000	46.253683	6.148827	52.40251
FAST-one	9000	10000	52.102532	8.241828	60.34436
FAST-one	10000	10000	57.612042	10.256224	67.868266
FAST-one	20000	10000	115.565402	42.566214	158.131616
FAST-one	30000	10000	175.917852	102.788571	278.706423
FAST-one	40000	10000	233.786581	204.639259	438.42584
FAST-one	50000	10000	289.935964	337.720639	627.656603
FAST-one	60000	10000	346.018246	500.631676	846.649922
FAST-one	70000	10000	402.623211	708.948758	1111.571969
FAST-one	80000	10000	460.097686	828.42029	1288.517976
FAST-one	90000	10000	537.202867	941.573852	1478.776719
FAST-one	100000	10000	1225.886587	1206.868083	2432.75467
FAST-one	200000	10000	2451.019643	6267.556331	8718.575974
FAST-one	300000	10000	3473.908172	21358.637317	24832.545489
FAST-one	400000	10000	3697.871924	32293.002058	35990.873982
FAST-one	500000	10000	3845.962962	47243.080484	51089.043446
FAST-one	600000	10000	4057.059129	75785.554746	79842.613875
FAST-one	700000	10000	4810.943179	115736.187721	120547.1309
FAST-one	800000	10000	4913.035679	141148.699838	146061.735517
FAST-one	1000	100000	109.272982	0.189117	109.462099
FAST-one	2000	100000	135.893872	0.466883	136.360755
FAST-one	3000	100000	203.414627	0.96175	204.376377
FAST-one	4000	100000	243.646358	1.683408	245.329766
FAST-one	5000	100000	308.701111	2.544494	311.245605
FAST-one	6000	100000	382.000422	3.657828	385.65825
FAST-one	7000	100000	434.986468	4.841282	439.82775
FAST-one	8000	100000	519.860355	6.360517	526.220872
FAST-one	9000	100000	594.085773	8.482012	602.567785
FAST-one	10000	100000	606.612803	10.586749	617.199552
FAST-one	20000	100000	1241.845247	43.20066	1285.045907
FAST-one	30000	100000	1856.920651	104.425027	1961.345678
FAST-one	40000	100000	2425.786075	208.309048	2634.095123
FAST-one	50000	100000	3259.592384	343.491108	3603.083492
FAST-one	60000	100000	3563.426021	511.266781	4074.692802
FAST-one	70000	100000	4225.823668	724.433775	4950.257443
FAST-one	80000	100000	5005.30444	840.047218	5845.351658
FAST-one	90000	100000	5326.302142	954.309289	6280.611431
FAST-one	100000	100000	6092.729644	1214.424218	7307.153862
FAST-one	200000	100000	18205.388597	6309.962944	24515.351541
FAST-one	300000	100000	20562.860854	20890.38898	41453.249834
FAST-one	400000	100000	28799.241944	30320.678896	59119.92084
FAST-one	500000	100000	29137.44117	67479.229186	96616.670356
FAST-one	600000	100000	34623.205409	75484.492278	110107.697687
FAST-one	700000	100000	40506.281794	114371.741205	154878.022999
FAST-one	800000	100000	54534.664542	172834.668256	227369.332798
FAST-pw	1000	1000	0.655301	0.363086	1.018387
FAST-pw	2000	1000	1.280511	1.1307	2.411211
FAST-pw	3000	1000	1.819135	2.438858	4.257993
FAST-pw	4000	1000	2.430847	4.383308	6.814155
FAST-pw	5000	1000	3.04387	6.755816	9.799686
FAST-pw	6000	1000	3.571519	10.024187	13.595706
FAST-pw	7000	1000	4.176479	13.484444	17.660923
FAST-pw	8000	1000	4.77476	17.734349	22.509109
FAST-pw	9000	1000	8.226958	23.36312	31.590078
FAST-pw	10000	1000	11.819171	29.391848	41.211019
FAST-pw	20000	1000	22.301578	119.541745	141.843323
FAST-pw	30000	1000	35.459537	283.50691	318.966447
FAST-pw	40000	1000	47.200242	521.361466	568.561708
FAST-pw	50000	1000	57.983598	796.704466	854.688064
FAST-pw	60000	1000	35.969079	1197.685086	1233.654165
FAST-pw	70000	1000	41.891371	1636.833921	1678.725292
FAST-pw	80000	1000	47.84659	2143.489301	2191.335891
FAST-pw	90000	1000	53.685323	2638.993767	2692.67909
FAST-pw	100000	1000	60.073044	3210.175248	3270.248292
FAST-pw	200000	1000	119.670547	13874.875063	13994.54561
FAST-pw	1000	10000	5.899462	0.361564	6.261026
FAST-pw	2000	10000	11.534227	1.12162	12.655847
FAST-pw	3000	10000	17.231885	2.445035	19.67692
FAST-pw	4000	10000	22.960773	4.358251	27.319024
FAST-pw	5000	10000	28.829545	6.756706	35.586251
FAST-pw	6000	10000	34.623473	10.020515	44.643988
FAST-pw	7000	10000	40.583757	13.736461	54.320218
FAST-pw	8000	10000	46.253683	18.193928	64.447611
FAST-pw	9000	10000	52.102532	23.39689	75.499422
FAST-pw	10000	10000	57.612042	29.986514	87.598556
FAST-pw	20000	10000	115.565402	118.945664	234.511066
FAST-pw	30000	10000	175.917852	281.872835	457.790687
FAST-pw	40000	10000	233.786581	516.934441	750.721022
FAST-pw	50000	10000	289.935964	794.233974	1084.169938
FAST-pw	60000	10000	346.018246	1196.879216	1542.897462
FAST-pw	70000	10000	402.623211	1628.657032	2031.280243
FAST-pw	80000	10000	460.097686	2120.007274	2580.10496
FAST-pw	90000	10000	537.202867	2617.631096	3154.833963
FAST-pw	100000	10000	1225.886587	3169.096131	4394.982718
FAST-pw	200000	10000	2451.019643	13903.009206	16354.028849
FAST-pw	1000	100000	109.272982	0.363441	109.636423
FAST-pw	2000	100000	135.893872	1.124234	137.018106
FAST-pw	3000	100000	203.414627	2.464264	205.878891
FAST-pw	4000	100000	243.646358	4.400976	248.047334
FAST-pw	5000	100000	308.701111	6.800989	315.5021
FAST-pw	6000	100000	382.000422	10.186868	392.18729
FAST-pw	7000	100000	434.986468	14.148408	449.134876
FAST-pw	8000	100000	519.860355	18.500985	538.36134
FAST-pw	9000	100000	594.085773	24.612456	618.698229
FAST-pw	10000	100000	606.612803	30.474205	637.087008
FAST-pw	20000	100000	1241.845247	119.589662	1361.434909
FAST-pw	30000	100000	1856.920651	280.013644	2136.934295
FAST-pw	40000	100000	2425.786075	512.084521	2937.870596
FAST-pw	50000	100000	3259.592384	792.605043	4052.197427
FAST-pw	60000	100000	3563.426021	1179.82037	4743.246391
FAST-pw	70000	100000	4225.823668	1609.671457	5835.495125
FAST-pw	80000	100000	5005.30444	2103.614203	7108.918643
FAST-pw	90000	100000	5326.302142	2600.638118	7926.94026
FAST-sqrt	1000	1000	0.655301	0.076934	0.732235
FAST-sqrt	2000	1000	1.280511	0.10757	1.388081
FAST-sqrt	3000	1000	1.819135	0.149468	1.968603
FAST-sqrt	4000	1000	2.430847	0.209652	2.640499
FAST-sqrt	5000	1000	3.04387	0.269297	3.313167
FAST-sqrt	6000	1000	3.571519	0.327046	3.898565
FAST-sqrt	7000	1000	4.176479	0.394237	4.570716
FAST-sqrt	8000	1000	4.77476	0.466924	5.241684
FAST-sqrt	9000	1000	8.226958	0.54724	8.774198
FAST-sqrt	10000	1000	11.819171	0.615353	12.434524
FAST-sqrt	20000	1000	22.301578	1.500932	23.80251
FAST-sqrt	30000	1000	35.459537	2.551862	38.011399
FAST-sqrt	40000	1000	35.969079	3.856502	39.825581
FAST-sqrt	50000	1000	41.891371	5.281356	47.172727
FAST-sqrt	60000	1000	47.200242	7.110567	54.310809
FAST-sqrt	70000	1000	47.84659	8.674681	56.521271
FAST-sqrt	80000	1000	53.685323	10.243001	63.928324
FAST-sqrt	90000	1000	57.983598	11.985522	69.96912
FAST-sqrt	100000	1000	60.073044	14.267626	74.34067
FAST-sqrt	200000	1000	119.670547	41.084673	160.75522
FAST-sqrt	300000	1000	179.204608	78.572142	257.77675
FAST-sqrt	400000	1000	238.801952	130.06897	368.870922
FAST-sqrt	500000	1000	299.13992	194.092551	493.232471
FAST-sqrt	600000	1000	358.536404	286.842084	645.378488
FAST-sqrt	700000	1000	419.804493	389.317838	809.122331
FAST-sqrt	800000	1000	478.341648	486.437661	964.779309
FAST-sqrt	900000	1000	1005.384331	571.573967	1576.958298
FAST-sqrt	1000000	1000	1009.076095	846.805352	1855.881447
FAST-sqrt	1000	10000	5.899462	0.047319	5.946781
FAST-sqrt	2000	10000	11.534227	0.096838	11.631065
FAST-sqrt	3000	10000	17.231885	0.154722	17.386607
FAST-sqrt	4000	10000	22.960773	0.217491	23.178264
FAST-sqrt	5000	10000	28.829545	0.280174	29.109719
FAST-sqrt	6000	10000	34.623473	0.357326	34.980799
FAST-sqrt	7000	10000	40.583757	0.418029	41.001786
FAST-sqrt	8000	10000	46.253683	0.495819	46.749502
FAST-sqrt	9000	10000	52.102532	0.582786	52.685318
FAST-sqrt	10000	10000	57.612042	0.652162	58.264204
FAST-sqrt	20000	10000	115.565402	1.592049	117.157451
FAST-sqrt	30000	10000	175.917852	2.740493	178.658345
FAST-sqrt	40000	10000	233.786581	4.270805	238.057386
FAST-sqrt	50000	10000	289.935964	5.718184	295.654148
FAST-sqrt	60000	10000	346.018246	7.76747	353.785716
FAST-sqrt	70000	10000	402.623211	9.38533	412.008541
FAST-sqrt	80000	10000	460.097686	11.478691	471.576377
FAST-sqrt	90000	10000	537.202867	13.936664	551.139531
FAST-sqrt	100000	10000	1225.886587	16.796242	1242.682829
FAST-sqrt	200000	10000	2451.019643	55.575481	2506.595124
FAST-sqrt	300000	10000	3473.908172	107.394358	3581.30253
FAST-sqrt	400000	10000	3697.871924	177.828052	3875.699976
FAST-sqrt	500000	10000	3845.962962	283.778816	4129.741778
FAST-sqrt	600000	10000	4057.059129	459.979699	4517.038828
FAST-sqrt	700000	10000	4810.943179	671.386812	5482.329991
FAST-sqrt	800000	10000	4913.035679	591.846839	5504.882518
FAST-sqrt	900000	10000	5332.573974	723.708349	6056.282323
FAST-sqrt	1000000	10000	5786.643399	811.688903	6598.332302
FAST-sqrt	1000	100000	109.272982	0.073589	109.346571
FAST-sqrt	2000	100000	135.893872	0.191705	136.085577
FAST-sqrt	3000	100000	203.414627	0.158556	203.573183
FAST-sqrt	4000	100000	243.646358	0.221321	243.867679
FAST-sqrt	5000	100000	308.701111	0.288686	308.989797
FAST-sqrt	6000	100000	382.000422	0.365147	382.365569
FAST-sqrt	7000	100000	434.986468	0.444134	435.430602
FAST-sqrt	8000	100000	519.860355	0.672462	520.532817
FAST-sqrt	9000	100000	594.085773	0.714134	594.799907
FAST-sqrt	10000	100000	606.612803	0.70178	607.314583
FAST-sqrt	20000	100000	1241.845247	2.721653	1244.5669
FAST-sqrt	30000	100000	1856.920651	3.892979	1860.81363
FAST-sqrt	40000	100000	2425.786075	5.781919	2431.567994
FAST-sqrt	50000	100000	3259.592384	6.987456	3266.57984
FAST-sqrt	60000	100000	3563.426021	11.921671	3575.347692
FAST-sqrt	70000	100000	4225.823668	13.674929	4239.498597
FAST-sqrt	80000	100000	5005.30444	14.45253	5019.75697
FAST-sqrt	90000	100000	5326.302142	22.047331	5348.349473
FAST-sqrt	100000	100000	6092.729644	26.610812	6119.340456
FAST-sqrt	200000	100000	18205.388597	73.62342	18279.012017
FAST-sqrt	300000	100000	20562.860854	92.272257	20655.133111
FAST-sqrt	400000	100000	28799.241944	198.381809	28997.623753
FAST-sqrt	500000	100000	29137.44117	278.199741	29415.640911
FAST-sqrt	600000	100000	34623.205409	392.861727	35016.067136
FAST-sqrt	700000	100000	40506.281794	523.585809	41029.867603
FAST-sqrt	800000	100000	54534.664542	558.852081	55093.516623
FAST-sqrt	900000	100000	62798.414032	636.902615	63435.316647
FAST-sqrt	1000000	100000	83606.939703	730.318139	84337.257842
GA	1000	1000	0	1.735021	1.735021
GA	2000	1000	0	8.720271	8.720271
GA	3000	1000	0	18.303387	18.303387
GA	4000	1000	0	32.881805	32.881805
GA	5000	1000	0	52.605838	52.605838
GA	6000	1000	0	77.919036	77.919036
GA	7000	1000	0	105.224041	105.224041
GA	8000	1000	0	142.82389	142.82389
GA	9000	1000	0	186.360603	186.360603
GA	10000	1000	0	213.053878	213.053878
GA	20000	1000	0	891.932287	891.932287
GA	30000	1000	0	2049.099137	2049.099137
GA	40000	1000	0	3680.741699	3680.741699
GA	50000	1000	0	5730.933063	5730.933063
GA	60000	1000	0	8060.35229	8060.35229
GA	70000	1000	0	11239.996896	11239.996896
GA	80000	1000	0	14889.640549	14889.640549
GA	90000	1000	0	19134.544774	19134.544774
GA	100000	1000	0	26625.434827	26625.434827
GA	1000	10000	0	21.242572	21.242572
GA	2000	10000	0	85.096814	85.096814
GA	3000	10000	0	190.373312	190.373312
GA	4000	10000	0	337.126661	337.126661
GA	5000	10000	0	526.273822	526.273822
GA	6000	10000	0	758.251259	758.251259
GA	7000	10000	0	1031.239025	1031.239025
GA	8000	10000	0	1347.633247	1347.633247
GA	9000	10000	0	1699.579345	1699.579345
GA	10000	10000	0	2100.92543	2100.92543
GA	20000	10000	0	8383.578551	8383.578551
GA	30000	10000	0	18638.180605	18638.180605
GA	40000	10000	0	35827.795674	35827.795674
GA	50000	10000	0	54569.368758	54569.368758
GA	60000	10000	0	81800.225253	81800.225253
GA	70000	10000	0	108231.544464	108231.544464
GA	1000	100000	0	488.772201	488.772201
GA	2000	100000	0	1849.963569	1849.963569
GA	3000	100000	0	5983.088364	5983.088364
GA	4000	100000	0	8213.676403	8213.676403
GT	1000	1000	0	0.018495	0.018495
GT	2000	1000	0	0.033662	0.033662
GT	3000	1000	0	0.050979	0.050979
GT	4000	1000	0	0.069784	0.069784
GT	5000	1000	0	0.085719	0.085719
GT	6000	1000	0	0.10618	0.10618
GT	7000	1000	0	0.136922	0.136922
GT	8000	1000	0	0.142353	0.142353
GT	9000	1000	0	0.158519	0.158519
GT	10000	1000	0	0.191209	0.191209
GT	20000	1000	0	0.355343	0.355343
GT	30000	1000	0	0.592603	0.592603
GT	40000	1000	0	0.782933	0.782933
GT	50000	1000	0	0.970874	0.970874
GT	60000	1000	0	1.223101	1.223101
GT	70000	1000	0	1.43574	1.43574
GT	80000	1000	0	1.623345	1.623345
GT	90000	1000	0	1.932826	1.932826
GT	100000	1000	0	2.122587	2.122587
GT	200000	1000	0	4.420045	4.420045
GT	300000	1000	0	5.731907	5.731907
GT	400000	1000	0	9.815205	9.815205
GT	500000	1000	0	9.325326	9.325326
GT	600000	1000	0	13.156141	13.156141
GT	700000	1000	0	16.240755	16.240755
GT	800000	1000	0	19.19233	19.19233
GT	900000	1000	0	22.505825	22.505825
GT	1000000	1000	0	18.357166	18.357166
GT	1000	10000	0	0.107674	0.107674
GT	2000	10000	0	0.207579	0.207579
GT	3000	10000	0	0.316728	0.316728
GT	4000	10000	0	0.419548	0.419548
GT	5000	10000	0	0.523618	0.523618
GT	6000	10000	0	0.632216	0.632216
GT	7000	10000	0	0.861955	0.861955
GT	8000	10000	0	0.846875	0.846875
GT	9000	10000	0	0.950012	0.950012
GT	10000	10000	0	1.071077	1.071077
GT	20000	10000	0	2.109633	2.109633
GT	30000	10000	0	3.285619	3.285619
GT	40000	10000	0	3.223556	3.223556
GT	50000	10000	0	3.678038	3.678038
GT	60000	10000	0	5.902922	5.902922
GT	70000	10000	0	7.539578	7.539578
GT	80000	10000	0	8.062739	8.062739
GT	90000	10000	0	6.198742	6.198742
GT	100000	10000	0	8.638822	8.638822
GT	200000	10000	0	20.675201	20.675201
GT	300000	10000	0	30.266698	30.266698
GT	400000	10000	0	43.261722	43.261722
GT	500000	10000	0	55.489602	55.489602
GT	600000	10000	0	66.282748	66.282748
GT	700000	10000	0	78.271564	78.271564
GT	800000	10000	0	89.468275	89.468275
GT	900000	10000	0	101.797495	101.797495
GT	1000000	10000	0	105.011608	105.011608
GT	1000	100000	0	1.268215	1.268215
GT	2000	100000	0	2.437272	2.437272
GT	3000	100000	0	3.78811	3.78811
GT	4000	100000	0	4.054222	4.054222
GT	5000	100000	0	6.340934	6.340934
GT	6000	100000	0	7.67644	7.67644
GT	7000	100000	0	9.040074	9.040074
GT	8000	100000	0	9.382937	9.382937
GT	9000	100000	0	10.608308	10.608308
GT	10000	100000	0	12.009873	12.009873
GT	20000	100000	0	23.43554	23.43554
GT	30000	100000	0	37.524637	37.524637
GT	40000	100000	0	49.282116	49.282116
GT	50000	100000	0	61.903759	61.903759
GT	60000	100000	0	72.195614	72.195614
GT	70000	100000	0	82.060955	82.060955
GT	80000	100000	0	90.513702	90.513702
GT	90000	100000	0	100.522193	100.522193
GT	100000	100000	0	108.94551	108.94551
GT	200000	100000	0	191.571315	191.571315
GT	300000	100000	0	297.180699	297.180699
GT	400000	100000	0	403.206462	403.206462
GT	500000	100000	0	509.380941	509.380941
GT	600000	100000	0	602.270066	602.270066
GT	700000	100000	0	681.612358	681.612358
GT	800000	100000	0	796.536835	796.536835
GT	900000	100000	0	902.149894	902.149894
GT	1000000	100000	0	995.504747	995.504747
I-TSD	1000	1000	0	15021.446422	15021.446422
I-TSD	1000	10000	0	163204.238664	163204.238664
STR	1000	1000	64.595762	40.275528	104.87129
STR	2000	1000	311.189953	296.611104	607.801057
STR	3000	1000	733.921072	1013.929371	1747.850443
STR	4000	1000	1285.393841	2384.087017	3669.480858
STR	5000	1000	1899.74172	5617.903116	7517.644836
STR	6000	1000	2041.236556	7090.612115	9131.848671
STR	7000	1000	3960.802667	16057.252425	20018.055092
STR	1000	10000	973.982191	41.062403	1015.044594
STR	2000	10000	4222.601888	339.668916	4562.270804
STR	3000	10000	10634.726382	971.799777	11606.526159
STR	4000	10000	14788.546164	2867.088542	17655.634706
STR	5000	10000	30517.351625	3509.164437	34026.516062
STR	6000	10000	51167.387943	7854.618	59022.005943
STR	1000	100000	14393.064913	45.538444	14438.603357
STR	2000	100000	51683.259736	239.122252	51922.381988
STR	3000	100000	120909.768369	796.810523	121706.578892
STR	4000	100000	199694.284705	2439.888654	202134.173359
STR	5000	100000	246591.832036	2430.923001	249022.755037
GA-S	1000	1000	1.8957440853	2.093801	3.9895450853
GA-S	2000	1000	4.0480809212	10.801682	14.8497629212
GA-S	3000	1000	5.2476902008	21.712115	26.9598052008
GA-S	4000	1000	8.1514630318	45.201633	53.3530960318
GA-S	5000	1000	8.4702191353	69.029607	77.4998261353
GA-S	6000	1000	9.8708958626	95.968851	105.839746863
GA-S	7000	1000	13.8616609573	141.814226	155.675886957
GA-S	8000	1000	13.9074649811	169.081477	182.988941981
GA-S	9000	1000	15.1012270451	209.05985	224.161077045
GA-S	10000	1000	14.0018529892	279.796541	293.798393989
GA-S	20000	1000	31.9418759346	1084.953033	1116.89490893
GA-S	30000	1000	41.8531458378	2288.239653	2330.09279884
GA-S	40000	1000	65.7888350487	4230.991499	4296.78033405
GA-S	50000	1000	75.1128158569	5493.714268	5568.82708386
GA-S	60000	1000	70.0174729824	7694.188613	7764.20608598
GA-S	1000	10000	165.755631924	21.111468	186.867099924
GA-S	2000	10000	235.292670965	84.109229	319.401899965
GA-S	3000	10000	303.317994118	188.346333	491.664327118
GA-S	4000	10000	366.846191883	332.27609	699.122281883
GA-S	5000	10000	424.905523062	519.819897	944.725420062
GA-S	6000	10000	492.026279926	746.050225	1238.07650493
GA-S	7000	10000	557.752321005	1572.494614	2130.24693501
GA-S	8000	10000	622.781316996	1332.594214	1955.375531
GA-S	9000	10000	684.690777063	1687.225868	2371.91664506
GA-S	10000	10000	753.735486984	2054.698472	2808.43395898
GA-S	20000	10000	1343.598423	8089.38948	9432.987903
GA-S	1000	100000	22212.8561702	382.398001	22595.2541712
GA-S	2000	100000	27693.9827809	1377.360616	29071.3433969
GA-S	3000	100000	33153.986259	2654.67903	35808.665289
GA-S	4000	100000	39260.847163	4713.082041	43973.929204
GA-S	5000	100000	49083.336518	11799.816356	60883.152874
